,doi
0,10.1001/jama.1884.02390270025009
1,10.1001/jama.1884.02390300022007
2,10.1001/jama.1884.02390420019003
3,10.1001/jama.1884.02390550025010
4,10.1001/jama.1884.02390650020003
5,10.1001/jama.1884.02390720016004
6,10.1001/jama.1884.02390730017004
7,10.1001/jama.1885.02391030007001
8,10.1001/jama.1885.02391060001001
9,10.1001/jama.1885.02391060017006
10,10.1001/jama.1885.02391100026008
11,10.1001/jama.1885.02391150004002
12,10.1001/jama.1886.04250010093001
13,10.1001/jama.1886.04250080033002
14,10.1001/jama.1886.04250090029001
15,10.1001/jama.1886.04250100123005
16,10.1001/jama.1887.02391280026011
17,10.1001/jama.1887.02391320027009
18,10.1001/jama.1887.02391350004002
19,10.1001/jama.1887.02391380027011
20,10.1001/jama.1887.02391390016005
21,10.1001/jama.1887.02391410013002
22,10.1001/jama.1887.02391460015005
23,10.1001/jama.1887.04360030025008
24,10.1001/jama.1887.02400020016003
25,10.1001/jama.1887.02400100027008
26,10.1001/jama.1887.02400140021005
27,10.1001/jama.1887.02400200020007
28,10.1001/jama.1887.02400240006001
29,10.1001/jama.1887.02400250027009
30,10.1001/jama.1888.02400280010003
31,10.1001/jama.1888.02400400021004
32,10.1001/jama.1888.02400430011001
33,10.1001/jama.1888.02400440020008
34,10.1001/jama.1888.02400510022006
35,10.1001/jama.1888.02400570022004
36,10.1001/jama.1888.02400610008001
37,10.1001/jama.1888.02400670033009
38,10.1001/jama.1888.02400670034010
39,10.1001/jama.1888.02400710015001
40,10.1001/jama.1888.02400710022007
41,10.1001/jama.1889.02400780031009
42,10.1001/jama.1889.02400890007001
43,10.1001/jama.1889.02401000013001
44,10.1001/jama.1889.04440040020006
45,10.1001/jama.1889.02401090018002
46,10.1001/jama.1889.02401170016002
47,10.1001/jama.1890.02410030020003
48,10.1001/jama.1890.02410110025007
49,10.1001/jama.1890.02410150037012
50,10.1001/jama.1890.02410160001001
51,10.1001/jama.1890.02410160033010
52,10.1001/jama.1890.02410180036011
53,10.1001/jama.1890.02410250013001
54,10.1001/jama.1890.02410250033012
55,10.1001/jama.1890.02410270020001
56,10.1001/jama.1890.02410310021002
57,10.1001/jama.1890.02410420016002
58,10.1001/jama.1890.02410430035014
59,10.1001/jama.1890.02410470009001
60,10.1001/jama.1890.02410480025007
61,10.1001/jama.1890.02410490023005
62,10.1001/jama.1891.02410570008002
63,10.1001/jama.1891.02410610016002
64,10.1001/jama.1891.02410650020004
65,10.1001/jama.1891.02410750001001
66,10.1001/jama.1891.02410800023002
67,10.1001/jama.1891.02410830021001
68,10.1001/jama.1891.02410840033008
69,10.1001/jama.1891.02410900032009
70,10.1001/jama.1891.02410930006001
71,10.1001/jama.1891.02411000038006
72,10.1001/jama.1892.02411130025009
73,10.1001/jama.1892.02411180026009
74,10.1001/jama.1892.02411190027010
75,10.1001/jama.1892.02420010020001
76,10.1001/jama.1892.02420090023006
77,10.1001/jama.1892.02420230015001
78,10.1001/jama.1893.02420280025001
79,10.1001/jama.1893.02420320027008
80,10.1001/jama.1893.02420330025007
81,10.1001/jama.1893.02420390023003
82,10.1001/jama.1893.02420410006001
83,10.1001/jama.1893.02420410023006
84,10.1001/jama.1893.02420440024011
85,10.1001/jama.1893.02420590028007
86,10.1001/jama.1893.02420590030011
87,10.1001/jama.1894.02420810028010
88,10.1001/jama.1894.02420850017002
89,10.1001/jama.1894.02420850020002
90,10.1001/jama.1894.02420890039022
91,10.1001/jama.1894.02420930002002
92,10.1001/jama.1894.02420940012002
93,10.1001/jama.1894.02421020017002
94,10.1001/jama.1894.02421050003002
95,10.1001/jama.1894.02421050006002
96,10.1001/jama.1894.02421080008001
97,10.1001/jama.1894.02421120030005
98,10.1001/jama.1894.02421180010001
99,10.1001/jama.1894.02421280033022
100,10. doi: 10.1001/jama.1894.02421290023001
101,10.1001/jama.1894.02421310018001
102,10.1001/jama.1895.02430010050014
103,10.1001/jama.1895.02430090017001
104,10.1001/jama.1895.02430090001001
105,10.1001/jama.1895.02430100006001
106,10.1001/jama.1895.02430160009002
107,10.1001/jama.1895.02430160011002
108,10.1001/jama.1895.02430230038018
109,10.1001/jama.1895.02430260028016
110,10.1001/jama.1895.02430290007001
111,10.1001/jama.1895.02430330002001
112,10.1001/jama.1895.02430330004001
113,10.1001/jama.1895.02430360001001
114,10.1001/jama.1895.02430450025001
115,10.1001/jama.1896.02430620010002
116,10.1001/jama.1896.02430700039015
117,10.1001/jama.1896.02430710030002
118,10.1001/jama.1896.02430760004002
119,10.1001/jama.1896.02430770045027
120,10.1001/jama.1896.02430800012001
121,10.1001/jama.1896.02430930024002
122,10.1001/jama.1896.02431020005001
123,10.1001/jama.1897.02440020024001
124,10.1001/jama.1897.02440030006001
125,10.1001/jama.1897.02440050040007
126,10.1001/jama.1897.02440120003002
127,10.1001/jama.1897.02440120007002
128,10.1001/jama.1897.02440130005001
129,10.1001/jama.1897.02440140016002
130,10.1001/jama.1897.02440210038008
131,10.1001/jama.1897.02440230042012
132,10.1001/jama.1897.02440250001001
133,10.1001/jama.1897.02440260021001
134,10.1001/jama.1897.02440320010001
135,10.1001/jama.1897.02440390047015
136,10.1001/jama.1897.02440420012002
137,10.1001/jama.1897.02440450012002
138,10.1001/jama.1897.02440450041006
139,10.1001/jama.1897.02440470029002
140,10.1001/jama.1897.02440490027001
141,10.1001/jama.1897.02440490040006
142,10.1001/jama.1897.02440500045016
143,10.1001/jama.1898.72440540037002
144,10.1001/jama.1898.02440550049016
145,10.1001/jama.1898.02440570047024
146,10.1001/jama.1898.02440670063023
147,10.1001/jama.1898.72440690038002
148,10.1001/jama.1898.02440710051005
149,10.1001/jama.1898.92450020019002
150,10.1001/jama.1898.02450030042033
151,10.1001/jama.1898.02450040042012
152,10.1001/jama.1898.92450060013001
153,10.1001/jama.1898.92450070001001
154,10.1001/jama.1898.92450070006001
155,10.1001/jama.1898.92450080015001
156,10.1001/jama.1898.02450080049011
157,10.1001/jama.1898.92450090011001
158,10.1001/jama.1898.92450090022001
159,10.1001/jama.1898.92450100036002
160,10.1001/jama.1898.02450130062018
161,10.1001/jama.1898.02450130062021
162,10.1001/jama.1898.02450190052020
163,10.1001/jama.1898.02450190053031
164,10.1001/jama.1898.02450200054015
165,10.1001/jama.1898.92450220023002
166,10.1001/jama.1898.92450240015002
167,10.1001/jama.1898.02450270033010
168,10.1001/jama.1899.02450280047010
169,10.1001/jama.1899.02450320043006
170,10.1001/jama.1899.02450410035013
171,10.1001/jama.1899.02450420040011
172,10.1001/jama.1899.02450440053032
173,10.1001/jama.1899.92450450003001
174,10.1001/jama.1899.02450460050017
175,10.1001/jama.1899.92450470013001
176,10.1001/jama.1899.02450470025008
177,10.1001/jama.1899.02450470044015
178,10.1001/jama.1899.92450520001002
179,10.1001/jama.1899.02450520029004
180,10.1001/jama.1899.02450520051013
181,10.1001/jama.1899.92450540026002
182,10.1001/jama.1899.92450620005001
183,10.1001/jama.1899.92450620026001
184,10.1001/jama.1899.02450620050012
185,10.1001/jama.1899.92450630002001
186,10.1001/jama.1899.92450650001001
187,10.1001/jama.1899.02450690051007
188,10.1001/jama.1899.02450700051010
189,10.1001/jama.1899.92450730020001
190,10.1001/jama.1899.02450730055013
191,10.1001/jama.1899.02450730056017
192,10.1001/jama.1899.92450740008001
193,10.1001/jama.1899.92450740026001
194,10.1001/jama.1899.02450750048006
195,10.1001/jama.1899.02450790021008
196,10.1001/jama.1900.02460020052018
197,10.1001/jama.1900.24610110007001
198,10.1001/jama.1900.02460110051007
199,10.1001/jama.1900.02460110055018
200,10.1001/jama.1900.02460120055016
201,10.1001/jama.1900.02460150051015
202,10.1001/jama.1900.02460170063023
203,10.1001/jama.1900.24610200001001
204,10.1001/jama.1900.02460220054017
205,10.1001/jama.1900.02460240062021
206,10.1001/jama.1900.02460310044018
207,10.1001/jama.1900.02460320030010
208,10.1001/jama.1900.02460320030011
209,10.1001/jama.1900.02460330039009
210,10.1001/jama.1900.24620350011001
211,10.1001/jama.1900.24620390001001
212,10.1001/jama.1900.24620390004001
213,10.1001/jama.1900.24620390006001
214,10.1001/jama.1900.24620430005001
215,10.1001/jama.1900.24620440031001
216,10.1001/jama.1900.24620480013001
217,10.1001/jama.1900.24620500033001
218,10.1001/jama.1900.24620500042001
219,10.1001/jama.1900.02460500048010
220,10.1001/jama.1901.02470010041003
221,10.1001/jama.1901.52470090016002
222,10.1001/jama.1901.02470140041008
223,10.1001/jama.1901.52470190020001
224,10.1001/jama.1901.02470190036002
225,10.1001/jama.1901.02470250038003
226,10.1001/jama.1901.62470270023002
227,10.1001/jama.1901.02470270046020
228,10.1001/jama.1901.62470280023002
229,10.1001/jama.1901.62470310020001
230,10.1001/jama.1901.62470320015001
231,10.1001/jama.1901.02470320034002
232,10.1001/jama.1901.02470320038012
233,10.1001/jama.1901.62470350033002
234,10.1001/jama.1901.02470350038005
235,10.1001/jama.1901.62470370001001
236,10.1001/jama.1901.62470370004001
237,10.1001/jama.1901.62470370018001
238,10.1001/jama.1901.62470390001001
239,10.1001/jama.1901.02470390048016
240,10.1001/jama.1901.02470410032004
241,10.1001/jama.1901.62470420001001
242,10.1001/jama.1901.62470420007001
243,10.1001/jama.1901.02470460036006
244,10.1001/jama.1901.02470460046022
245,10.1001/jama.1901.02470510038006
246,10.1001/jama.1902.02480030038007
247,10.1001/jama.1902.02480030048026
248,10.1001/jama.1902.62480080009001
249,10.1001/jama.1902.02480080028006
250,10.1001/jama.1902.02480110033005
251,10.1001/jama.1902.02480160033009
252,10.1001/jama.1902.62480170035002
253,10.1001/jama.1902.02480170037004
254,10.1001/jama.1902.02480210035012
255,10.1001/jama.1902.02480220045038
256,10.1001/jama.1902.02480250023013
257,10.1001/jama.1902.52480300015002
258,10.1001/jama.1902.52480300017002
259,10.1001/jama.1902.02480300026007
260,10.1001/jama.1902.52480310025002
261,10.1001/jama.1902.02480310028008
262,10.1001/jama.1902.02480320037015
263,10.1001/jama.1902.02480350032004
264,10.1001/jama.1902.02480370042006
265,10.1001/jama.1902.02480380042012
266,10.1001/jama.1902.02480400037003
267,10.1001/jama.1902.02480400040011
268,10.1001/jama.1902.02480410043011
269,10.1001/jama.1902.02480420042006
270,10.1001/jama.1902.52480430033002
271,10.1001/jama.1902.02480470038013
272,10.1001/jama.1903.92490010008001
273,10.1001/jama.1903.02490010042002
274,10. doi: 10.1001/jama.1903.92490080023002
275,10.1001/jama.1903.02490080041012
276,10.1001/jama.1903.92490170008002
277,10.1001/jama.1903.92490180032001
278,10.1001/jama.1903.92490190001002
279,10.1001/jama.1903.92490210012001
280,10.1001/jama.1903.92490230027002
281,10.1001/jama.1903.04470040035020
282,10.1001/jama.1903.04500010010003
283,10.1001/jama.1903.04500010014004
284,10.1001/jama.1903.04500010049028
285,10.1001/jama.1903.92490400023001
286,10.1001/jama.1904.92490500016001
287,10.1001/jama.1904.92490550013002
288,10.1001/jama.1904.02490550024004
289,10.1001/jama.1904.02490570037021
290,10.1001/jama.1904.02490580025009
291,10.1001/jama.1904.02490580034018
292,10.1001/jama.1904.92490600020001
293,10.1001/jama.1904.02490640029005
294,10.1001/jama.1904.02490640034013
295,10.1001/jama.1904.92490650006002
296,10.1001/jama.1904.02490670026006
297,10.1001/jama.1904.02490680035006
298,10.1001/jama.1904.02490700056020
299,10.1001/jama.1904.02490700026005
300,10.1001/jama.1904.02500020039004
301,10.1001/jama.1904.02500020041008
302,10.1001/jama.1904.02500040037011
303,10.1001/jama.1904.02500060044011
304,10.1001/jama.1904.02500170055017
305,10.1001/jama.1904.92500180001
306,10.1001/jama.1904.92500180002
307,10.1001/jama.1904.92500190001
308,10.1001/jama.1904.92500190001
309,10.1001/jama.1904.02500240060008
310,10.1001/jama.1904.02500250046010
311,10.1001/jama.1905.02500370042003
312,10.1001/jama.1905.02500370046014
313,10.1001/jama.1905.92500400030001
314,10.1001/jama.1905.02500410040004
315,10.1001/jama.1905.92500460028002
316,10.1001/jama.1905.02500460042006
317,10.1001/jama.1905.92500470014001
318,10.1001/jama.1905.02500490060012
319,10.1001/jama.1905.92500500007001
320,10.1001/jama.1905.52510010008001
321,10.1001/jama.1905.52510050001001
322,10.1001/jama.1905.02510090056007
323,10.1001/jama.1905.52510100010002
324,10.1001/jama.1905.52510140008001
325,10.1001/jama.1905.52510140017001
326,10.1001/jama.1905.02510140052004
327,10.1001/jama.1905.02510150052006
328,10.1001/jama.1905.02510180047012
329,10.1001/jama.1905.52510200005001
330,10.1001/jama.1905.02510240034004
331,10.1001/jama.1906.02510280050011
332,10.1001/jama.1906.02510280060015
333,10.1001/jama.1906.62510290040003
334,10.1001/jama.1906.02510300041014
335,10.1001/jama.1906.02510320048004
336,10.1001/jama.1906.62510350011001
337,10.1001/jama.1906.02510360031005
338,10.1001/jama.1906.62510370005001
339,10.1001/jama.1906.02510370034008
340,10.1001/jama.1906.02510370035009
341,10.1001/jama.1906.02510410001001
342,10.1001/jama.1906.62510440027001
343,10.1001/jama.1906.02510470045009
344,10.1001/jama.1906.02510480043006
345,10.1001/jama.1906.02510500034008
346,10.1001/jama.1906.02510520039011
347,10.1001/jama.1906.02510530035026
348,10.1001/jama.1906.25210010015001
349,10.1001/jama.1906.02520030048004
350,10.1001/jama.1906.02520050048004
351,10.1001/jama.1906.25210110016002
352,10.1001/jama.1906.25210130010001
353,10.1001/jama.1906.25210180014001
354,10.1001/jama.1906.25210190019001
355,10.1001/jama.1906.25210190021001
356,10.1001/jama.1906.25210190025001
357,10.1001/jama.1906.25210210043002
358,10.1001/jama.1906.02520210050005
359,10.1001/jama.1906.25210220006001
360,10.1001/jama.1906.25210230001001
361,10.1001/jama.1906.25210230003001
362,10.1001/jama.1906.25210230005001
363,10.1001/jama.1906.25210230008001
364,10.1001/jama.1906.02520240051009
365,10.1001/jama.1907.25220270015001
366,10.1001/jama.1907.02520290058014
367,10.1001/jama.1907.25220300001001
368,10.1001/jama.1907.02520310070028
369,10.1001/jama.1907.25220320058003
370,10.1001/jama.1907.02520330067016
371,10.1001/jama.1907.25220340041003
372,10.1001/jama.1907.02520350056004
373,10.1001/jama.1907.25220360030002
374,10.1001/jama.1907.02520360039008
375,10.1001/jama.1907.25220380046002
376,10.1001/jama.1907.02520400038005
377,10.1001/jama.1907.25220420005001
378,10.1001/jama.1907.02520420044004
379,10.1001/jama.1907.25220430012001
380,10.1001/jama.1907.02520500036004
381,10.1001/jama.1907.25220510032002
382,10.1001/jama.1907.02530010052010
383,10.1001/jama.1907.25320020001001
384,10.1001/jama.1907.02530020062015
385,10.1001/jama.1907.02530030053006
386,10.1001/jama.1907.02530030063016
387,10.1001/jama.1907.02530040056018
388,10.1001/jama.1907.25320090024001
389,10.1001/jama.1907.25320110054003
390,10.1001/jama.1907.25320120001001
391,10.1001/jama.1907.25320120004002
392,10.1001/jama.1907.02530150068029
393,10.1001/jama.1907.25320180010001
394,10.1001/jama.1907.02530200035006
395,10.1001/jama.1907.02530210051009
396,10.1001/jama.1907.25320250037002
397,10.1001/jama.1907.02530250039003
398,10.1001/jama.1907.02530250042008
399,10.1001/jama.1908.02530270048011
400,10.1001/jama.1908.25310300001001
401,10.1001/archinte.1908.00050020028003
402,10.1001/jama.1908.25310310029001
403,10.1001/jama.1908.25310320010001
404,10.1001/jama.1908.25310320013001
405,10.1001/jama.1908.25310340001001
406,10.1001/jama.1908.25310340027001
407,10.1001/jama.1908.02530350058023
408,10.1001/jama.1908.25310360025001
409,10.1001/jama.1908.25310380024002
410,10.1001/jama.1908.25310390010002
411,10.1001/jama.1908.25310390030003
412,10.1001/jama.1908.02530410036008
413,10.1001/jama.1908.25310420004001
414,10.1001/jama.1908.02530420061027
415,10.1001/jama.1908.25310470001001
416,10.1001/jama.1908.25310470011001
417,10.1001/jama.1908.02530470034011
418,10. doi: 10.1001/jama.1908.02530470047021
419,10.1001/jama.1908.02530470049030
420,10.1001/jama.1908.25310490011001
421,10.1001/jama.1908.02530500035005
422,10.1001/jama.1908.25410070016001
423,10.1001/jama.1908.02540080056022
424,10.1001/jama.1908.25410090001001
425,10.1001/jama.1908.25410090030001
426,10.1001/jama.1908.25410090039002
427,10.1001/jama.1908.25410110016001
428,10.1001/jama.1908.25410110037002
429,10.1001/jama.1908.02540130055021
430,10.1001/jama.1908.25410140025002
431,10.1001/jama.1908.25410160001001
432,10.1001/jama.1908.25410170014001
433,10.1001/jama.1908.25410170032001
434,10.1001/jama.1908.25410180012001
435,10.1001/jama.1908.25410200043002
436,10.1001/jama.1908.02540200049006
437,10.1001/jama.1908.02540210054021
438,10.1001/jama.1908.25410220040004
439,10.1001/jama.1908.25410240024001
440,10.1001/jama.1908.02540250062005
441,10.1001/jama.1908.02540250064008
442,10.1001/jama.1909.25420290008001
443,10.1001/jama.1909.02540320046005
444,10.1001/jama.1909.02540330066025
445,10.1001/jama.1909.02540340036005
446,10.1001/jama.1909.02540340056021
447,10.1001/jama.1909.25420370009002
448,10.1001/jama.1909.25420380018001
449,10.1001/jama.1909.25420400016001
450,10.1001/jama.1909.02540400063029
451,10.1001/jama.1909.25420420015002
452,10.1001/jama.1909.02540440056008
453,10.1001/jama.1909.25420450003001
454,10.1001/jama.1909.25420460001001
455,10.1001/jama.1909.25420470011001
456,10.1001/jama.1909.25420470014001
457,10.1001/jama.1909.25420480001001
458,10.1001/archinte.1909.00050160100007
459,10.1001/jama.1909.25420500021002
460,10.1001/jama.1909.02550030062015
461,10.1001/jama.1909.92550040008002
462,10.1001/jama.1909.92550090051003
463,10.1001/jama.1909.02550110048007
464,10.1001/jama.1909.02550150067027
465,10.1001/jama.1909.92550170048002
466,10.1001/jama.1909.92550180001001
467,10.1001/jama.1909.92550190001001
468,10.1001/jama.1909.02550190062030
469,10.1001/jama.1909.02550210044008
470,10.1001/jama.1909.92550230009002
471,10.1001/jama.1909.92550230009002
472,10.1001/jama.1909.92550230039003
473,10.1001/jama.1909.02550230066031
474,10.1001/jama.1909.92550240001001
475,10.1001/jama.1909.92550250001001
476,10.1001/jama.1910.92550270001001
477,10.1001/jama.1910.92550280001001
478,10.1001/jama.1910.02550280044004
479,10.1001/jama.1910.92550290003002
480,10.1001/jama.1910.92550290003002
481,10.1001/jama.1910.92550290003002
482,10.1001/jama.1910.92550300001001
483,10.1001/jama.1910.92550300001001
484,10.1001/archinte.1910.00050240018003
485,10.1001/jama.1910.92550340001001
486,10.1001/jama.1910.02550350046004
487,10.1001/jama.1910.92550360001001
488,10.1001/jama.1910.92550360001001
489,10.1001/jama.1910.92550370001001
490,10.1001/jama.1910.92550380001001
491,10.1001/jama.1910.92550390004002
492,10.1001/jama.1910.92550400001001
493,10.1001/jama.1910.02550400034009
494,10.1001/jama.1910.02550400049025
495,10.1001/jama.1910.02550420037005
496,10.1001/jama.1910.92550430001001
497,10.1001/jama.1910.92550430001001
498,10.1001/jama.1910.02550430032004
499,10.1001/jama.1910.02550430044018
500,10.1001/jama.1910.92550440001001
501,10.1001/jama.1910.92550450001001
502,10.1001/jama.1910.92550450001001
503,10.1001/jama.1910.02550460032006
504,10.1001/jama.1910.92550460001001
505,10.1001/jama.1910.92550470001001
506,10.1001/jama.1910.92550480001001
507,10.1001/jama.1910.92550490006002
508,10.1001/jama.1910.02550500025008
509,10.1001/jama.1910.02550510037017
510,10.1001/jama.1910.04330020044022
511,10.1001/jama.1910.04330030008003
512,10.1001/jama.1910.04330040076041
513,10.1001/jama.1910.04330100066033
514,10.1001/jama.1910.04330110007002
515,10.1001/jama.1910.04330110021007
516,10.1001/jama.1910.04330130021007
517,10.1001/jama.1910.04330130077032
518,10.1001/jama.1910.04330180001001
519,10.1001/jama.1910.04330180018007
520,10.1001/jama.1910.04330180020008
521,10.1001/jama.1910.04330180023009
522,10.1001/jama.1910.04330180042017
523,10.1001/jama.1910.04330190001001
524,10.1001/jama.1910.04330190003002
525,10.1001/jama.1910.04330190007003
526,10.1001/jama.1910.04330220040017
527,10.1001/jama.1910.04330260041017
528,10.1001/jama.1911.02560010035009
529,10.1001/jama.1911.02560010046018
530,10.1001/jama.1911.02560010060028
531,10.1001/jama.1911.02560020012005
532,10.1001/jama.1911.02560020017006
533,10.1001/jama.1911.02560020038016
534,10.1001/jama.1911.02560020055029
535,10.1001/jama.1911.02560050001001
536,10.1001/jama.1911.02560060001001
537,10.1001/jama.1911.02560060054028
538,10.1001/jama.1911.02560070060030
539,10.1001/jama.1911.02560070032012
540,10.1001/jama.1911.02560080026006
541,10.1001/jama.1911.02560080035009
542,10.1001/jama.1911.02560080043016
543,10.1001/jama.1911.02560090022007
544,10.1001/jama.1911.02560090042015
545,10.1001/jama.1911.02560110062038
546,10.1001/jama.1911.02560160001001
547,10.1001/jama.1911.02560160016004
548,10.1001/jama.1911.02560190011007
549,10.1001/jama.1911.02560220032019
550,10.1001/jama.1911.02560230001001
551,10.1001/jama.1911.04260070107006
552,10.1001/jama.1911.04260070263001
553,10.1001/jama.1911.04260070369005
554,10.1001/jama.1911.04260080022007
555,10.1001/jama.1911.04260090256005
556,10.1001/archinte.1911.00060100042004
557,10.1001/jama.1911.04260100243001
558,10.1001/jama.1911.04260100246003
559,10.1001/archinte.1911.00060110067006
560,10.1001/archinte.1911.00060110094009
561,10.1001/jama.1911.04260110138037
562,10.1001/jama.1911.04260110175007
563,10.1001/jama.1911.04260110282024
564,10.1001/jama.1911.04260110282026
565,10.1001/jama.1911.04260120001001
566,10.1001/jama.1911.04260120081004
567,10.1001/jama.1912.04260010104011
568,10.1001/jama.1912.04260010170005
569,10.1001/jama.1912.04260020137001
570,10.1001/jama.1912.04260020143002
571,10.1001/jama.1912.04260030096011
572,10.1001/archinte.1912.00060160048005
573,10.1001/jama.1912.04260040047027
574,10.1001/jama.1912.04260060031012
575,10.1001/jama.1912.04270070016005
576,10.1001/jama.1912.04270070182008
577,10.1001/jama.1912.04270080128026
578,10.1001/jama.1912.04270080179002
579,10.1001/jama.1912.04270080199008
580,10.1001/jama.1912.04270080252037
581,10.1001/jama.1912.04270080341019
582,10.1001/jama.1912.04270080404012
583,10.1001/jama.1912.04270090088006
584,10.1001/jama.1912.04270090091007
585,10.1001/archinte.1912.00060220062007
586,10.1001/jama.1912.04270100144015
587,10.1001/jama.1912.04270110178003
588,10.1001/jama.1912.04270110200009
589,10.1001/archinte.1912.00060240042003
590,10.1001/jama.1912.04270120132016
591,10.1001/jama.1912.04270120165039
592,10.1001/jama.1912.04270140085042
593,10.1001/jama.1912.04270130039026
594,10.1001/jama.1913.04340010069030
595,10.1001/jama.1913.04340060008004
596,10.1001/jama.1913.04340060062039
597,10.1001/jama.1913.04340070019006
598,10.1001/jama.1913.04340110001001
599,10.1001/jama.1913.04340120052027
600,10.1001/jama.1913.04340130016006
601,10.1001/jama.1913.04340130061029
602,10.1001/jama.1913.04340150021005
603,10.1001/jama.1913.04340150055022
604,10.1001/jama.1913.04340160012005
605,10.1001/jama.1913.04340170011005
606,10.1001/jama.1913.04340190012006
607,10.1001/jama.1913.04340200001001
608,10.1001/jama.1913.04340220018006
609,10.1001/jama.1913.04340240013007
610,10.1001/jama.1913.04340250020013
611,10.1001/jama.1913.04340250087035
612,10. doi: 10.1001/jama.1913.04350010010003
613,10.1001/jama.1913.04350030008003
614,10.1001/jama.1913.04350040017008
615,10.1001/jama.1913.04350050015006
616,10.1001/jama.1913.04350060015009
617,10.1001/jama.1913.04350080016006
618,10.1001/jama.1913.04350080028009
619,10.1001/archinte.1913.00070030103010
620,10.1001/jama.1913.04350120001001
621,10.1001/jama.1913.04350120074028
622,10.1001/jama.1913.04350130028009
623,10.1001/jama.1913.04350150020007
624,10.1001/jama.1913.04350160001001
625,10.1001/jama.1913.04350160040015
626,10.1001/archinte.1913.00070050056005
627,10.1001/jama.1913.04350210033010
628,10.1001/jama.1913.04350240034014
629,10.1001/jama.1913.04350240066038
630,10.1001/jama.1913.04350250046018
631,10.1001/jama.1913.04350260046019
632,10.1001/jama.1913.04350270001001
633,10.1001/jama.1914.02560260035012
634,10.1001/jama.1914.02560290050023
635,10.1001/jama.1914.02560310015005
636,10.1001/jama.1914.02560330017006
637,10.1001/jama.1914.02560340001001
638,10.1001/jama.1914.02560360027010
639,10.1001/jama.1914.02560370065041
640,10.1001/jama.1914.02560380001001
641,10.1001/jama.1914.02560380066043
642,10.1001/jama.1914.02560420027012
643,10.1001/jama.1914.02560420043023
644,10.1001/jama.1914.02560430024011
645,10.1001/jama.1914.02560440009003
646,10.1001/jama.1914.02560440052030
647,10.1001/jama.1914.02560460017006
648,10.1001/jama.1914.02560470007002
649,10.1001/jama.1914.02560470015005
650,10.1001/jama.1914.02560470016006
651,10.1001/jama.1914.02560500022004
652,10.1001/jama.1914.02570010035012
653,10.1001/jama.1914.02570050007003
654,10.1001/jama.1914.02570080006002
655,10.1001/jama.1914.02570100056020
656,10.1001/jama.1914.02570120009003
657,10.1001/jama.1914.02570120032009
658,10.1001/jama.1914.02570140023008
659,10.1001/jama.1914.02570150012003
660,10.1001/jama.1914.02570150014004
661,10.1001/jama.1914.02570170029007
662,10.1001/jama.1914.02570170048014
663,10.1001/jama.1914.02570210021006
664,10.1001/jama.1914.02570210041012
665,10.1001/jama.1914.02570230019006
666,10.1001/jama.1914.02570240073041
667,10.1001/jama.1914.02570260002002
668,10.1001/jama.1914.02570260004003
669,10.1001/jama.1914.02570260049037
670,10.1001/jama.1915.02570280052015
671,10.1001/jama.1915.02570310023008
672,10.1001/jama.1915.02570310046014
673,10.1001/jama.1915.02570330027009
674,10.1001/jama.1915.02570340015003
675,10.1001/jama.1915.02570350001001
676,10.1001/jama.1915.02570350005002
677,10.1001/jama.1915.02570380006002
678,10.1001/jama.1915.02570380016005
679,10.1001/jama.1915.02570420011004
680,10.1001/jama.1915.02570420044020
681,10.1001/jama.1915.02570430001001
682,10.1001/jama.1915.02570430026010
683,10.1001/jama.1915.02570430076031
684,10.1001/jama.1915.02570450021006
685,10.1001/jama.1915.02570450039017
686,10.1001/jama.1915.02570460027010
687,10.1001/jama.1915.02570480047019
688,10.1001/archinte.1915.00070250031004
689,10.1001/archpedi.1915.04100480026003
690,10.1001/jama.1915.02570510007001
691,10.1001/jama.1915.02570520050020
692,10.1001/jama.1915.02570520050021
693,10.1001/jama.1915.02580010031009
694,10.1001/jama.1915.02580010056029
695,10.1001/jama.1915.02580020031014
696,10.1001/jama.1915.02580030064034
697,10.1001/jama.1915.02580040046021
698,10.1001/jama.1915.02580060063026
699,10.1001/jama.1915.02580070060020
700,10.1001/jama.1915.02580090002002
701,10.1001/jama.1915.02580100001001
702,10.1001/jama.1915.02580110031009
703,10.1001/jama.1915.02580120060027
704,10.1001/jama.1915.02580120063032
705,10.1001/jama.1915.02580130005002
706,10.1001/jama.1915.02580140021006
707,10.1001/jama.1915.02580140027009
708,10.1001/jama.1915.02580150001001
709,10.1001/jama.1915.02580160008002
710,10.1001/jama.1915.02580170029008
711,10.1001/jama.1915.02580170069030
712,10.1001/jama.1915.02580180015005
713,10.1001/jama.1915.25810190001014
714,10.1001/jama.1915.02580190053017
715,10.1001/jama.1915.02580200044013
716,10.1001/jama.1915.02580210012004
717,10.1001/jama.1915.02580210056022
718,10.1001/jama.1915.02580220014007
719,10.1001/jama.1915.02580220019008
720,10.1001/archinte.1915.00080060157011
721,10.1001/jama.1915.02580250057026
722,10.1001/jama.1916.02580270005001
723,10.1001/jama.1916.02580280024010
724,10.1001/jama.1916.02580290004002
725,10.1001/jama.1916.02580310057024
726,10.1001/jama.1916.02580340008003
727,10.1001/jama.1916.02580340020009
728,10.1001/jama.1916.02580370053032
729,10.1001/jama.1916.02580370036019
730,10.1001/jama.1916.02580430001001
731,10.1001/jama.1916.02580440006003
732,10.1001/jama.1916.02580440059027
733,10.1001/jama.1916.25810470003018
734,10.1001/jama.1916.02580480012007
735,10.1001/jama.1916.02580490024008
736,10.1001/jama.1916.02580490025009
737,10.1001/jama.1916.02580500007001
738,10.1001/jama.1916.02580510130030
739,10.1001/jama.1916.02590020039014
740,10.1001/jama.1916.02590020061029
741,10.1001/jama.1916.02590040062021
742,10.1001/jama.1916.02590040030007
743,10.1001/jama.1916.02590120011004
744,10.1001/jama.1916.02590120025008
745,10.1001/jama.1916.02590170027009
746,10.1001/jama.1916.02590180017007
747,10.1001/jama.1916.02590180056030
748,10.1001/jama.1916.02590190051028
749,10.1001/jama.1916.02590210017007
750,10.1001/jama.1916.02590210026009
751,10.1001/jama.1916.02590220027007
752,10.1001/jama.1916.02590240035012
753,10.1001/jama.1916.02590270007003
754,10.1001/jama.1917.04270010180007
755,10.1001/jama.1917.04270020109008
756,10.1001/jama.1917.04270020185007
757,10.1001/jama.1917.04270020234035
758,10.1001/jama.1917.04270020288014
759,10.1001/archinte.1917.00080220064006
760,10.1001/jama.1917.04270030329033
761,10.1001/jama.1917.04270040047028
762,10.1001/jama.1917.04270040162007
763,10.1001/jama.1917.04270040226010
764,10.1001/jama.1917.04270060226014
765,10.1001/jama.1917.04270060312015
766,10.1001/archinte.1917.00090010031003
767,10.1001/jama.1917.02590290044016
768,10.1001/jama.1917.02590300019006
769,10.1001/jama.1917.02590330038011
770,10.1001/jama.1917.02590330049014
771,10.1001/jama.1917.02590390032013
772,10.1001/jama.1917.02590390075034
773,10.1001/jama.1917.02590400028009
774,10.1001/jama.1917.02590450046017
775,10.1001/jama.1917.02590460017004
776,10.1001/jama.1917.02590480072029
777,10.1001/jama.1917.02590480029010
778,10.1001/jama.1917.02590500034008
779,10.1001/jama.1917.02590510010006
780,10.1001/jama.1917.02590520039016
781,10.1001/jama.1917.02590530013007
782,10.1001/jama.1918.02600100030013
783,10.1001/jama.1918.02600150005002
784,10.1001/jama.1918.02600170055031
785,10.1001/jama.1918.02600270012004
786,10.1001/jama.1918.02600330092034
787,10.1001/jama.1918.02600350050013
788,10.1001/jama.1918.02600370002002
789,10.1001/jama.1918.02600430011004
790,10.1001/jama.1918.02600430015005
791,10.1001/jama.1918.02600440001001
792,10.1001/jama.1918.02600490024006
793,10.1001/jama.1919.02610060004002
794,10.1001/jama.1919.02610100058034
795,10.1001/jama.1919.26110110001007
796,10.1001/jama.1919.02610130028009
797,10.1001/jama.1919.02610130049021
798,10.1001/archinte.1919.00090210078006
799,10.1001/jama.1919.02610150006003
800,10.1001/archneurpsyc.1919.02180050002001
801,10.1001/jama.1919.02610210024007
802,10.1001/jama.1919.02610220028010
803,10.1001/archneurpsyc.1919.02180060042002
804,10.1001/jama.1919.02610230024007
805,10.1001/jama.1919.02610250015007
806,10. doi: 10.1001/jama.1919.02610320031008
807,10.1001/jama.1919.02610340050021
808,10.1001/jama.1919.02610340063035
809,10.1001/jama.1919.02610360034011
810,10.1001/jama.1919.26120370001010
811,10.1001/archinte.1919.00090270050005
812,10.1001/jama.1919.02610440020006
813,10.1001/jama.1919.02610460031009
814,10.1001/jama.1919.02610470061023
815,10.1001/jama.1919.02610480005002
816,10.1001/jama.1919.26120520002014
817,10.1001/archinte.1920.00090300037003
818,10.1001/archderm.1920.02350010013002
819,10.1001/archderm.1920.02350010020003
820,10.1001/jama.1920.02620010020004
821,10.1001/jama.1920.02620020020011
822,10.1001/jama.1920.02620030019007
823,10.1001/jama.1920.02620050016006
824,10.1001/archderm.1920.02350020002001
825,10.1001/archderm.1920.02350020020002
826,10.1001/archderm.1920.02350020058006
827,10.1001/jama.1920.02620060033017
828,10.1001/archderm.1920.02350030072007
829,10.1001/archderm.1920.02350030098009
830,10.1001/jama.1920.02620100016007
831,10.1001/jama.1920.02620110038016
832,10.1001/jama.1920.02620120017007
833,10.1001/jama.1920.02620120040022
834,10.1001/jama.1920.02620130007003
835,10.1001/archderm.1920.02350040007002
836,10.1001/jama.1920.02620150034015
837,10.1001/jama.1920.02620170032011
838,10.1001/archderm.1920.02350050028002
839,10.1001/archderm.1920.02350060002001
840,10.1001/archderm.1920.02350060019003
841,10.1001/archderm.1920.02350060032005
842,10.1001/jama.1920.02620230018006
843,10.1001/archderm.1920.02350070032004
844,10.1001/jama.1920.02620310001001
845,10.1001/jama.1920.02620310004002
846,10.1001/jama.1920.02620310039014
847,10.1001/archderm.1920.02350090002001
848,10.1001/jama.1920.02620370035011
849,10.1001/jama.1920.02620390012004
850,10.1001/archderm.1920.02350100035004
851,10.1001/archderm.1920.02350100088012
852,10.1001/archderm.1920.02350110082005
853,10.1001/archsurg.1920.01110030180010
854,10.1001/archinte.1920.00100060070004
855,10.1001/jama.1920.02620510023010
856,10.1001/archderm.1921.02350130025003
857,10.1001/jama.1921.02630020021008
858,10.1001/jama.1921.02630030050033
859,10.1001/jama.1921.92630040025010
860,10.1001/jama.1921.02630050034015
861,10.1001/archderm.1921.02350140036007
862,10.1001/archinte.1921.00100080038003
863,10.1001/archderm.1921.02350150002001
864,10.1001/jama.1921.02630130055027
865,10.1001/archderm.1921.02350160002001
866,10.1001/archderm.1921.02350160068006
867,10.1001/jama.1921.02630180016008
868,10.1001/jama.1921.02630210028010
869,10.1001/archderm.1921.02350190056006
870,10.1001/jama.1921.02630270028008
871,10.1001/jama.1921.02630280047016
872,10.1001/jama.1921.02630290056030
873,10.1001/jama.1921.02630320038011
874,10.1001/jama.1921.02630340022008
875,10.1001/jama.1921.02630340026009
876,10.1001/jama.1921.02630340031010
877,10.1001/archinte.1921.00100150015002
878,10.1001/archsurg.1921.01110080082002
879,10.1001/archsurg.1921.01110080106004
880,10.1001/jama.1921.02630390010004
881,10.1001/jama.1921.02630390018006
882,10.1001/archderm.1921.02350230079005
883,10.1001/jama.1921.02630410057034
884,10.1001/jama.1921.02630430061029
885,10.1001/jama.1921.02630440001001
886,10.1001/jama.1921.02630440060033
887,10.1001/archneurpsyc.1921.02190050095006
888,10.1001/archderm.1921.02350240050003
889,10.1001/jama.1921.02630470060039
890,10.1001/jama.1921.02630520069031
891,10.1001/jama.1921.02630530023014
892,10.1001/archderm.1922.02350260076008
893,10.1001/jama.1922.02640540016003
894,10.1001/archderm.1922.02350270002001
895,10.1001/jama.1922.02640590036015
896,10.1001/jama.1922.02640710020007
897,10.1001/jama.1922.02640730027007
898,10.1001/archinte.1922.00110060162013
899,10.1001/jama.1922.02640760048016
900,10.1001/archderm.1922.02360010013003
901,10.1001/archderm.1922.02360010053008
902,10.1001/jama.1922.02640020030008
903,10.1001/jama.1922.02640040060025
904,10.1001/jama.1922.02640040061026
905,10.1001/jama.1922.02640050060030
906,10.1001/archneurpsyc.1922.02190140046004
907,10.1001/archderm.1922.02360020060007
908,10.1001/archsurg.1922.01110140003001
909,10.1001/archsurg.1922.01110140120005
910,10.1001/archderm.1922.02360040003001
911,10.1001/archderm.1922.02360040026003
912,10.1001/archderm.1922.02360040030004
913,10.1001/archderm.1922.02360040036005
914,10.1001/jama.1922.02640150078036
915,10.1001/jama.1922.26420160001019
916,10.1001/jama.1922.02640180014003
917,10.1001/jama.1922.02640190012004
918,10.1001/jama.1922.02640190071043
919,10.1001/jama.1922.02640200004002
920,10.1001/jama.1922.02640230038011
921,10.1001/jama.1922.02640230049019
922,10.1001/jama.1922.02640240060036
923,10.1001/jama.1922.26420240005013
924,10.1001/jama.1922.02640250060037
925,10.1001/jama.1923.02640290001001
926,10.1001/jama.1923.02640310044023
927,10.1001/jama.1923.02640340004002
928,10.1001/jama.1923.02640340022010
929,10.1001/archderm.1923.02360090039003
930,10.1001/jama.1923.26430360001009
931,10.1001/jama.1923.02640380001001
932,10.1001/jama.1923.02640400060035
933,10.1001/jama.1923.02640410011005
934,10.1001/archderm.1923.02360110068012
935,10.1001/jama.1923.02640450019007
936,10.1001/jama.1923.02640450047021
937,10.1001/jama.1923.02640450052029
938,10.1001/jama.1923.02640470058043
939,10.1001/jama.1923.02640480043035
940,10.1001/jama.1923.02640490048021
941,10.1001/jama.1923.02640500011004
942,10.1001/jama.1923.02640510036019
943,10.1001/jama.1923.02640520042020
944,10.1001/jama.1923.02640520049028
945,10.1001/archderm.1923.02360130022002
946,10.1001/jama.1923.26510030005013
947,10.1001/jama.1923.26510040002015
948,10.1001/jama.1923.02650040050024
949,10.1001/archderm.1923.02360140030005
950,10.1001/jama.1923.02650080054021
951,10.1001/archderm.1923.02360150079007
952,10.1001/jama.1923.02650110003002
953,10.1001/jama.1923.02650110005003
954,10.1001/jama.1923.02650110060020
955,10.1001/jama.1923.02650110072030
956,10.1001/jama.1923.26510120005012
957,10.1001/jama.1923.26510130006010
958,10.1001/jama.1923.02650130075039
959,10.1001/archderm.1923.02360160025003
960,10.1001/archderm.1923.02360170030004
961,10.1001/archderm.1923.02360170032005
962,10.1001/archderm.1923.02360170044006
963,10.1001/archderm.1923.02360170052007
964,10.1001/archderm.1923.02360170060008
965,10.1001/archsurg.1923.01120030065002
966,10.1001/jama.1923.02650180003002
967,10.1001/jama.1923.02650180005003
968,10.1001/jama.1923.02650190063041
969,10.1001/jama.1923.02650190063043
970,10.1001/jama.1923.02650200061031
971,10.1001/archderm.1923.02360180053007
972,10.1001/jama.1923.02650220019005
973,10.1001/jama.1923.02650230059032
974,10.1001/jama.1923.26510250001011
975,10.1001/jama.1923.02650260044029
976,10.1001/archsurg.1924.01120040111005
977,10.1001/jama.1924.02650270039014
978,10.1001/jama.1924.02650270052020
979,10.1001/jama.1924.02650270014004
980,10.1001/jama.1924.02650280078039
981,10.1001/jama.1924.02650300069031
982,10.1001/jama.1924.02650300074039
983,10.1001/archderm.1924.02360200043003
984,10.1001/jama.1924.02650320060031
985,10.1001/jama.1924.02650330053028
986,10.1001/jama.1924.02650340029009
987,10.1001/jama.1924.26520340003014
988,10.1001/jama.1924.02650340055024
989,10.1001/jama.1924.02650350064032
990,10.1001/archderm.1924.02360210049004
991,10.1001/jama.1924.02650360026008
992,10.1001/jama.1924.02650360047022
993,10.1001/jama.1924.02650370027009
994,10.1001/jama.1924.02650370082042
995,10.1001/jama.1924.02650420049031
996,10.1001/jama.1924.02650430075040
997,10.1001/jama.1924.02650430066022
998,10.1001/archsurg.1924.01120060187012
999,10.1001/jama.1924.02650460014006
1000,10.1001/jama.1924.26520460003014
1001,10.1001/jama.1924.02650460053033
1002,10.1001/jama.1924.02650460054034
1003,10.1001/jama.1924.02650460060042
1004,10.1001/jama.1924.02650480059041
1005,10.1001/jama.1924.02650480060043
1006,10.1001/jama.1924.02650480060044
1007,10.1001/jama.1924.02650510011004
1008,10.1001/jama.1924.26520510002009
1009,10.1001/jama.1924.02650520037021
1010,10.1001/jama.1924.02650520039022
1011,10.1001/archsurg.1924.01120070207009
1012,10.1001/archderm.1924.02360250035002
1013,10.1001/jama.1924.02660010058025
1014,10.1001/jama.1924.02660020008004
1015,10.1001/jama.1924.02660020053027
1016,10. doi: 10.1001/jama.1924.02660030047024
1017,10.1001/archinte.1924.00120020047006
1018,10.1001/jama.1924.02660060014004
1019,10.1001/jama.1924.02660070073038
1020,10.1001/jama.1924.02660090054041
1021,10.1001/archderm.1924.02360270031006
1022,10.1001/jama.1924.02660100059030
1023,10.1001/jama.1924.02660130060032
1024,10.1001/archderm.1924.02360280040007
1025,10.1001/archderm.1924.02360280047008
1026,10.1001/jama.1924.02660140013003
1027,10.1001/jama.1924.02660140018005
1028,10.1001/jama.1924.02660160048021
1029,10.1001/jama.1924.02660190019005
1030,10.1001/jama.1924.02660190051022
1031,10.1001/jama.1924.02660200082046
1032,10.1001/archinte.1925.00120070006001
1033,10.1001/archotol.1925.00560010059005
1034,10.1001/archsurg.1925.01120100373020
1035,10.1001/archsurg.1925.01120100457025
1036,10.1001/jama.1925.02660270005001
1037,10.1001/jama.1925.02660270008002
1038,10. doi: 10.1001/jama.1925.02660270012003
1039,10.1001/jama.1925.02660270014004
1040,10.1001/jama.1925.02660280029010
1041,10.1001/jama.1925.02660290069042
1042,10.1001/archderm.1925.02370020036003
1043,10.1001/archotol.1925.00560010269019
1044,10.1001/jama.1925.02660350024006
1045,10.1001/jama.1925.02660350030007
1046,10.1001/jama.1925.02660360016007
1047,10.1001/jama.1925.02660370041023
1048,10.1001/jama.1925.02660380044019
1049,10.1001/archotol.1925.00560010492014
1050,10.1001/archinte.1925.00120100125011
1051,10.1001/jama.1925.02660410043023
1052,10.1001/jama.1925.02660410048029
1053,10.1001/jama.1925.02660430051038
1054,10.1001/archinte.1925.00120110003001
1055,10.1001/jama.1925.02660440062024
1056,10.1001/jama.1925.02660450042025
1057,10.1001/jama.1925.26620460005012
1058,10.1001/jama.1925.02660470049025
1059,10.1001/jama.1925.02660490024010
1060,10.1001/jama.1925.02660490059029
1061,10.1001/jama.1925.02660490063035
1062,10.1001/jama.1925.02660500059028
1063,10.1001/jama.1925.02660500068043
1064,10.1001/jama.1925.02660510034013
1065,10.1001/jama.1925.02660520044025
1066,10.1001/archderm.1925.02370070046003
1067,10.1001/archderm.1925.02370070082008
1068,10.1001/archsurg.1925.01120130133008
1069,10.1001/jama.1925.02670030036011
1070,10.1001/jama.1925.02670030001001
1071,10.1001/archderm.1925.02370080026003
1072,10.1001/archsurg.1925.01120140050004
1073,10.1001/jama.1925.02670060040014
1074,10.1001/jama.1925.02670060055026
1075,10.1001/jama.1925.02670070057034
1076,10.1001/jama.1925.02670080069025
1077,10.1001/jama.1925.02670090048020
1078,10.1001/archderm.1925.02370090002001
1079,10.1001/archinte.1925.00120150002001
1080,10.1001/jama.1925.02670110041015
1081,10.1001/jama.1925.02670110060029
1082,10.1001/jama.1925.02670120040014
1083,10.1001/jama.1925.02670120052022
1084,10.1001/jama.1925.02670120052023
1085,10.1001/archderm.1925.02370100130016
1086,10.1001/archinte.1925.00120160100005
1087,10.1001/jama.1925.02670140025008
1088,10.1001/jama.1925.02670140032009
1089,10.1001/jama.1925.02670150026008
1090,10.1001/jama.1925.02670160001001
1091,10.1001/jama.1925.26710160001010
1092,10.1001/jama.1925.02670160050013
1093,10.1001/jama.1925.02670160068027
1094,10.1001/archderm.1925.02370110038004
1095,10.1001/archsurg.1925.01120170145010
1096,10.1001/jama.1925.02670190007002
1097,10.1001/jama.1925.02670190059025
1098,10.1001/jama.1925.02670190065032
1099,10.1001/jama.1925.02670200001001
1100,10.1001/jama.1925.02670200039014
1101,10.1001/jama.1925.02670210040013
1102,10.1001/jama.1925.02670220048017
1103,10.1001/archinte.1925.00120180014002
1104,10.1001/jama.1925.02670250048019
1105,10.1001/jama.1925.02670260036017
1106,10.1001/archsurg.1926.01130010234011
1107,10.1001/archsurg.1926.01130010240013
1108,10.1001/archotol.1926.00580010028002
1109,10.1001/archotol.1926.00580010045003
1110,10.1001/jama.1926.02670270054021
1111,10.1001/jama.1926.02670270066038
1112,10.1001/jama.1926.02670290013004
1113,10.1001/jama.1926.02670300006002
1114,10.1001/jama.1926.02670300012004
1115,10.1001/jama.1926.02670320054037
1116,10.1001/jama.1926.02670330015006
1117,10.1001/jama.1926.02670330030011
1118,10.1001/jama.1926.02670330039017
1119,10.1001/jama.1926.02670330042020
1120,10.1001/jama.1926.02670330052033
1121,10.1001/jama.1926.02670340043020
1122,10.1001/archderm.1926.02370150054006
1123,10.1001/archsurg.1926.01130030039002
1124,10.1001/archotol.1926.00580010223001
1125,10.1001/archotol.1926.00580010287008
1126,10.1001/archinte.1926.00120210068004
1127,10.1001/jama.1926.02670360004002
1128,10.1001/jama.1926.02670360043021
1129,10.1001/jama.1926.02670370068019
1130,10.1001/jama.1926.02670380077028
1131,10.1001/jama.1926.02670390043023
1132,10.1001/archderm.1926.02370160056005
1133,10.1001/archotol.1926.00580010331002
1134,10.1001/archinte.1926.00120220003001
1135,10.1001/jama.1926.26720410002010
1136,10.1001/jama.1926.02670430049025
1137,10.1001/jama.1926.02670440048020
1138,10.1001/jama.1926.02670440049021
1139,10.1001/jama.1926.02670440063046
1140,10.1001/archinte.1926.00120230120008
1141,10.1001/archderm.1926.02370170072005
1142,10.1001/jama.1926.02670460069017
1143,10.1001/jama.1926.02670470007003
1144,10.1001/archinte.1926.00120240015002
1145,10.1001/archinte.1926.00120240138014
1146,10.1001/archderm.1926.02370180026002
1147,10.1001/jama.1926.02670490042021
1148,10.1001/jama.1926.02670500035015
1149,10.1001/jama.1926.02670510026012
1150,10.1001/jama.1926.02670510078044
1151,10.1001/jama.1926.02670520037016
1152,10.1001/jama.1926.02670520038017
1153,10.1001/jama.1926.02670520041023
1154,10.1001/jama.1926.02680020047030
1155,10.1001/jama.1926.02680020014004
1156,10.1001/jama.1926.02680030008004
1157,10.1001/jama.1926.02680060039013
1158,10.1001/jama.1926.02680070048019
1159,10.1001/jama.1926.02680090033011
1160,10.1001/archotol.1926.00590010233004
1161,10.1001/jama.1926.02680100001001
1162,10.1001/jama.1926.02680100051019
1163,10.1001/jama.1926.02680110070035
1164,10.1001/jama.1926.02680130010003
1165,10.1001/jama.1926.02680150022005
1166,10.1001/jama.1926.02680150050012
1167,10.1001/jama.1926.02680170065032
1168,10.1001/jama.1926.02680180065025
1169,10.1001/jama.1926.02680190017005
1170,10.1001/jama.1926.02680190032009
1171,10.1001/jama.1926.02680200013005
1172,10.1001/jama.1926.92680200003012
1173,10.1001/jama.1926.02680200071042
1174,10.1001/jama.1926.02680210003002
1175,10.1001/jama.1926.02680210006003
1176,10.1001/jama.1926.02680210062026
1177,10.1001/jama.1926.02680230058028
1178,10.1001/jama.1926.02680250042012
1179,10.1001/jama.1926.02680250062026
1180,10.1001/archderm.1927.02370250097013
1181,10.1001/archotol.1927.00600010108011
1182,10.1001/jama.1927.02680280033015
1183,10.1001/jama.1927.02680280042020
1184,10.1001/jama.1927.02680280049028
1185,10.1001/jama.1927.02680290059039
1186,10.1001/jama.1927.02680290059041
1187,10.1001/jama.1927.02680300043022
1188,10.1001/jama.1927.02680300046025
1189,10.1001/jama.1927.02680310054028
1190,10.1001/archsurg.1927.01130140074002
1191,10.1001/archotol.1927.00600010215011
1192,10.1001/jama.1927.92680320032009
1193,10.1001/jama.1927.92680320033010
1194,10.1001/jama.1927.02680320054024
1195,10.1001/jama.1927.02680320064038
1196,10.1001/jama.1927.02680320064040
1197,10.1001/jama.1927.92680330028011
1198,10.1001/jama.1927.02680330059037
1199,10.1001/jama.1927.02680350046023
1200,10.1001/jama.1927.02680350051030
1201,10.1001/archinte.1927.00130030097008
1202,10.1001/archderm.1927.02370270065004
1203,10.1001/archotol.1927.00600010285011
1204,10.1001/jama.1927.02680360057029
1205,10.1001/jama.1927.02680380035015
1206,10.1001/jama.1927.02680380074045
1207,10.1001/jama.1927.02680390044019
1208,10.1001/jama.1927.02680390050028
1209,10.1001/archsurg.1927.01130160002001
1210,10.1001/archotol.1927.00600010323001
1211,10.1001/jama.1927.02680410078035
1212,10.1001/archsurg.1927.01130170039004
1213,10.1001/archderm.1927.02370290107011
1214,10.1001/archotol.1927.00600010491012
1215,10.1001/jama.1927.02680450024010
1216,10.1001/jama.1927.02680460049018
1217,10.1001/jama.1927.02680470013007
1218,10.1001/archsurg.1927.01130180072004
1219,10.1001/archderm.1927.02370300053009
1220,10.1001/jama.1927.02680500065034
1221,10.1001/jama.1927.02680500066040
1222,10.1001/archinte.1927.00130070004001
1223,10.1001/jama.1927.02690010044022
1224,10.1001/jama.1927.02690030058031
1225,10.1001/jama.1927.02690030063039
1226,10.1001/jama.1927.02690050049022
1227,10.1001/jama.1927.02690060020007
1228,10.1001/jama.1927.02690060026009
1229,10.1001/jama.1927.02690070057045
1230,10.1001/archsurg.1927.01130210087005
1231,10.1001/archderm.1927.02380030120015
1232,10.1001/jama.1927.02690100065022
1233,10. doi: 10.1001/jama.1927.02690100071030
1234,10.1001/jama.1927.02690110061029
1235,10.1001/jama.1927.02690120057026
1236,10.1001/jama.1927.02690120065038
1237,10.1001/jama.1927.02690130062028
1238,10.1001/jama.1927.02690140048014
1239,10.1001/jama.1927.02690150026008
1240,10.1001/jama.1927.02690150028009
1241,10.1001/jama.1927.02690160029009
1242,10.1001/jama.1927.02690170026008
1243,10.1001/jama.1927.02690170073046
1244,10.1001/archinte.1927.00130110171018
1245,10.1001/archneurpsyc.1927.02210050121009
1246,10. doi: 10.1001/jama.1927.02690190048017
1247,10.1001/jama.1927.02690190055020
1248,10.1001/jama.1927.02690210061023
1249,10.1001/archderm.1927.02380060074007
1250,10.1001/jama.1927.02690240027009
1251,10.1001/jama.1927.02690250043016
1252,10.1001/archderm.1928.02380070141010
1253,10.1001/archderm.1928.02380070143011
1254,10.1001/jama.1928.02690280048018
1255,10.1001/jama.1928.02690280054026
1256,10.1001/jama.1928.02690300070054
1257,10.1001/jama.1928.02690310025009
1258,10.1001/jama.1928.02690310057022
1259,10.1001/jama.1928.02690310058024
1260,10.1001/jama.1928.02690320042012
1261,10.1001/jama.1928.02690330057033
1262,10.1001/jama.1928.02690330020007
1263,10.1001/jama.1928.92690330003008
1264,10.1001/jama.1928.02690340057026
1265,10.1001/jama.1928.02690340059028
1266,10.1001/archderm.1928.02380090113013
1267,10.1001/jama.1928.02690360048018
1268,10.1001/jama.1928.02690370064046
1269,10.1001/jama.1928.02690370023011
1270,10.1001/jama.1928.02690390101019
1271,10.1001/jama.1928.02690400042020
1272,10.1001/jama.1928.02690400001001
1273,10.1001/archsurg.1928.01140040074004
1274,10.1001/jama.1928.02690430031015
1275,10.1001/jama.1928.02690450070023
1276,10.1001/jama.1928.02690450084041
1277,10.1001/jama.1928.02690470050025
1278,10.1001/jama.1928.02690470062038
1279,10.1001/jama.1928.02690480012005
1280,10.1001/jama.1928.02690480062040
1281,10.1001/archderm.1928.02380120002001
1282,10.1001/archderm.1928.02380120083010
1283,10.1001/archinte.1928.00130180041002
1284,10.1001/archinte.1928.00130180160015
1285,10.1001/archotol.1928.00620010616005
1286,10.1001/jama.1928.92690490002013
1287,10.1001/jama.1928.02690500048021
1288,10.1001/jama.1928.02690520068040
1289,10.1001/jama.1928.02690520059022
1290,10.1001/jama.1928.02690530057022
1291,10.1001/jama.1928.02690530062030
1292,10. doi: 10.1001/jama.1928.02700020043019
1293,10.1001/jama.1928.02700030007004
1294,10.1001/jama.1928.02700040008004
1295,10.1001/archderm.1928.02380140110012
1296,10.1001/jama.1928.02700050002002
1297,10.1001/jama.1928.02700050038018
1298,10.1001/jama.1928.02700070025009
1299,10.1001/jama.1928.02700080050021
1300,10.1001/jama.1928.02700080061037
1301,10.1001/archderm.1928.02380150015003
1302,10.1001/jama.1928.02700090059031
1303,10.1001/jama.1928.02700100049020
1304,10.1001/jama.1928.02700100059030
1305,10.1001/archsurg.1928.01140100100007
1306,10.1001/archotol.1928.00620020401001
1307,10.1001/jama.1928.02700140003001
1308,10.1001/jama.1928.02700150013005
1309,10.1001/jama.1928.02700150039017
1310,10.1001/jama.1928.02700150054029
1311,10.1001/jama.1928.02700190051017
1312,10.1001/jama.1928.02700190052018
1313,10.1001/jama.1928.02700190058020
1314,10.1001/jama.1928.02700200035012
1315,10.1001/jama.1928.02700200052021
1316,10.1001/jama.1928.02700210001001
1317,10.1001/jama.1928.02700220037010
1318,10.1001/jama.1928.02700220067034
1319,10.1001/jama.1928.02700230050021
1320,10.1001/jama.1928.02700250064023
1321,10.1001/jama.1928.02700250072027
1322,10.1001/archsurg.1929.04420010002001
1323,10.1001/archsurg.1929.04420020129009
1324,10.1001/archpedi.1929.01930010143010
1325,10.1001/jama.1929.02700270022005
1326,10.1001/jama.1929.02700280008004
1327,10.1001/jama.1929.02700280020008
1328,10.1001/jama.1929.02700280056021
1329,10.1001/jama.1929.02700280076039
1330,10.1001/archinte.1929.00130250153011
1331,10.1001/archinte.1929.00130250155015
1332,10.1001/archotol.1929.00620030240011
1333,10.1001/jama.1929.02700310049020
1334,10.1001/jama.1929.02700320027010
1335,10.1001/jama.1929.02700320056022
1336,10.1001/archsurg.1929.04420040043004
1337,10.1001/archotol.1929.00620030255001
1338,10.1001/jama.1929.02700350003002
1339,10.1001/jama.1929.02700350005004
1340,10.1001/jama.1929.02700350055035
1341,10.1001/jama.1929.02700370017004
1342,10.1001/jama.1929.92700370002012
1343,10.1001/jama.1929.02700380059027
1344,10.1001/archderm.1929.02380220064002
1345,10.1001/archsurg.1929.01140130988066
1346,10.1001/archotol.1929.00620030463012
1347,10.1001/archneurpsyc.1929.02210220158008
1348,10.1001/jama.1929.02700410053021
1349,10.1001/jama.1929.02700410059027
1350,10.1001/archsurg.1929.01140140063004
1351,10.1001/archsurg.1929.01140140132007
1352,10.1001/jama.1929.02700440049030
1353,10.1001/jama.1929.02700450056037
1354,10.1001/jama.1929.02700460058039
1355,10.1001/jama.1929.02700470050022
1356,10.1001/archsurg.1929.01140150028004
1357,10.1001/jama.1929.02700480003002
1358,10.1001/jama.1929.02700490078020
1359,10.1001/archderm.1929.01440010132021
1360,10.1001/archotol.1929.00620040107014
1361,10.1001/jama.1929.02710030001001
1362,10.1001/jama.1929.02710040040018
1363,10.1001/archderm.1929.01440020038007
1364,10.1001/archderm.1929.01440020102017
1365,10.1001/archsurg.1929.01150020142005
1366,10.1001/archotol.1929.00620050084007
1367,10.1001/jama.1929.02710050061040
1368,10.1001/jama.1929.02710070057019
1369,10.1001/jama.1929.02710100036019
1370,10.1001/jama.1929.02710110056039
1371,10. doi: 10.1001/jama.1929.02710120019006
1372,10.1001/jama.1929.02710130056043
1373,10.1001/jama.1929.02710140022007
1374,10.1001/jama.1929.02710140056044
1375,10.1001/jama.1929.02710140056046
1376,10.1001/jama.1929.02710150055025
1377,10.1001/jama.1929.02710150064036
1378,10.1001/jama.1929.02710170011004
1379,10.1001/jama.1929.02710170063026
1380,10.1001/jama.1929.02710180006002
1381,10.1001/jama.1929.02710180022008
1382,10.1001/jama.1929.02710190028007
1383,10.1001/jama.1929.02710210036011
1384,10.1001/archsurg.1929.01150060680038
1385,10.1001/archotol.1929.00620090027002
1386,10.1001/archderm.1930.01440070154016
1387,10.1001/jama.1930.02710280045019
1388,10.1001/jama.1930.02710300038012
1389,10.1001/jama.1930.02710310022006
1390,10.1001/jama.1930.02710310040016
1391,10.1001/jama.1930.02710310045019
1392,10.1001/jama.1930.02710320008002
1393,10.1001/archsurg.1930.01150090138008
1394,10.1001/jama.1930.02710350052023
1395,10.1001/jama.1930.02710350052024
1396,10.1001/jama.1930.02710350053025
1397,10.1001/jama.1930.02710350053026
1398,10.1001/archderm.1930.01440090079006
1399,10.1001/archsurg.1930.01150090138008
1400,10.1001/jama.1930.02710350025006
1401,10.1001/jama.1930.02710350059043
1402,10.1001/jama.1930.02710360051018
1403,10.1001/jama.1930.02710360057022
1404,10.1001/jama.1930.02710360063032
1405,10.1001/jama.1930.02710370042017
1406,10.1001/jama.1930.02710370051024
1407,10.1001/jama.1930.02710380038013
1408,10.1001/jama.1930.02710390115028
1409,10.1001/jama.1930.02710400007002
1410,10.1001/jama.1930.02710400016006
1411,10.1001/jama.1930.02710420061025
1412,10.1001/jama.1930.02710420062026
1413,10.1001/jama.1930.02710430065028
1414,10.1001/archsurg.1930.01150110002001
1415,10.1001/jama.1930.02710440003002
1416,10.1001/jama.1930.02710440058021
1417,10.1001/jama.1930.02710450019006
1418,10.1001/jama.1930.02710450062020
1419,10.1001/jama.1930.02710460070025
1420,10.1001/jama.1930.02710460074030
1421,10.1001/jama.1930.02710470005002
1422,10.1001/jama.1930.02710470017008
1423,10.1001/archderm.1930.01440120109008
1424,10.1001/archotol.1930.03560060104010
1425,10.1001/archneurpsyc.1930.02220120066004
1426,10.1001/jama.1930.02710490044023
1427,10.1001/jama.1930.02710510023006
1428,10.1001/jama.1930.02710520009002
1429,10.1001/archsurg.1930.01150130116006
1430,10.1001/archinte.1930.00140130070005
1431,10.1001/archinte.1930.00140130049004
1432,10.1001/jama.1930.02720020012004
1433,10.1001/jama.1930.02720020050018
1434,10.1001/jama.1930.02720020057024
1435,10.1001/jama.1930.02720020065040
1436,10.1001/jama.1930.02720040019007
1437,10.1001/jama.1930.02720040048030
1438,10.1001/jama.1930.02720040049034
1439,10.1001/archderm.1930.01440140046005
1440,10.1001/archderm.1930.01440140149016
1441,10.1001/jama.1930.02720080038018
1442,10.1001/jama.1930.02720080054032
1443,10.1001/jama.1930.02720080056047
1444,10.1001/jama.1930.02720090048034
1445,10.1001/archsurg.1930.01150150049003
1446,10.1001/archotol.1930.03570010366005
1447,10.1001/jama.1930.02720100032014
1448,10.1001/jama.1930.02720100049038
1449,10.1001/jama.1930.02720110038016
1450,10.1001/jama.1930.02720130054036
1451,10.1001/jama.1930.02720130054038
1452,10.1001/archderm.1930.01440160079010
1453,10.1001/jama.1930.27210150004011
1454,10.1001/jama.1930.02720160001001
1455,10.1001/jama.1930.02720160032010
1456,10.1001/archinte.1930.00140170159011
1457,10.1001/archderm.1930.01440170003001
1458,10.1001/archotol.1930.03570010801014
1459,10. doi: 10.1001/jama.1920.02720180001001
1460,10.1001/jama.1920.02720180016005
1461,10.1001/jama.1920.02720180043016
1462,10.1001/jama.1920.02720180046020
1463,10.1001/jama.1930.02720200045017
1464,10.1001/jama.1930.02720200064036
1465,10.1001/jama.1930.02720220051018
1466,10.1001/jama.1930.02720220053020
1467,10.1001/archsurg.1930.01150180028002
1468,10.1001/archsurg.1930.01150180431024
1469,10.1001/archderm.1930.01440180158014
1470,10.1001/archotol.1930.03570010851004
1471,10.1001/jama.1930.02720230011003
1472,10.1001/jama.1930.02720230024007
1473,10.1001/jama.1930.02720230028008
1474,10.1001/jama.1930.02720240005002
1475,10.1001/jama.1930.02720240069039
1476,10.1001/jama.1930.02720250046020
1477,10.1001/jama.1930.02720260031016
1478,10.1001/jama.1930.02720260031017
1479,10.1001/jama.1930.02720260017006
1480,10.1001/archinte.1931.00140190174020
1481,10.1001/archinte.1931.00140190176023
1482,10.1001/jama.1931.02720270032009
1483,10.1001/jama.1931.02720270043015
1484,10.1001/jama.1931.02720280050026
1485,10.1001/jama.1931.02720290060043
1486,10.1001/jama.1931.02720290042016
1487,10.1001/jama.1931.02720300042013
1488,10.1001/jama.1931.02720310052017
1489,10.1001/jama.1931.02720310073042
1490,10.1001/archderm.1931.03880200003001
1491,10.1001/archderm.1931.03880200174017
1492,10.1001/jama.1931.02720320065043
1493,10.1001/jama.1931.02720320052017
1494,10.1001/jama.1931.02720320052018
1495,10.1001/jama.1931.02720320021005
1496,10.1001/jama.1931.02720330075049
1497,10.1001/jama.1931.02720340067038
1498,10.1001/jama.1931.02720350016004
1499,10.1001/archinte.1931.00140210174017
1500,10.1001/archderm.1931.03880210148012
1501,10.1001/jama.1931.27220370002010
1502,10.1001/jama.1931.02720380051025
1503,10.1001/jama.1931.02720390099011
1504,10.1001/jama.1931.02720390109025
1505,10.1001/jama.1931.02720390105018
1506,10.1001/jama.1931.02720410056024
1507,10.1001/jama.1931.02720410065039
1508,10.1001/jama.1931.02720410066040
1509,10.1001/jama.1931.02720420052024
1510,10.1001/jama.1931.02720430072023
1511,10.1001/archinte.1931.00140230098007
1512,10.1001/archinte.1931.00140230151011
1513,10.1001/archderm.1931.03880230048005
1514,10.1001/jama.1931.02720440066019
1515,10.1001/jama.1931.27220450001007
1516,10.1001/jama.1931.02720460071039
1517,10.1001/jama.1931.02720470079045
1518,10.1001/jama.1931.02720470011004
1519,10.1001/jama.1931.02720470014005
1520,10.1001/jama.1931.02720470071029
1521,10.1001/jama.1931.02720470077033
1522,10.1001/archderm.1931.03880240012002
1523,10.1001/jama.1931.02720490063049
1524,10.1001/jama.1931.02720500048030
1525,10.1001/jama.1931.02720520027012
1526,10. doi: 10.1001/archsurg.1931.01160070088006
1527,10.1001/archderm.1931.01450010113010
1528,10.1001/archderm.1931.01450010115011
1529,10.1001/jama.1931.02730020056042
1530,10.1001/jama.1931.02730020001001
1531,10.1001/jama.1931.02730020005002
1532,10.1001/jama.1931.02730040042020
1533,10.1001/jama.1931.02730060023007
1534,10.1001/jama.1931.02730060033016
1535,10.1001/jama.1931.02730060042022
1536,10.1001/jama.1931.02730070042024
1537,10.1001/jama.1931.02730070051039
1538,10.1001/jama.1931.02730080049025
1539,10.1001/archderm.1931.01450010439011
1540,10.1001/archderm.1931.01450010515019
1541,10.1001/jama.1931.02730100053031
1542,10.1001/jama.1931.02730100053035
1543,10.1001/jama.1931.02730100039018
1544,10.1001/jama.1931.02730120054032
1545,10.1001/archinte.1931.00150040187016
1546,10.1001/archsurg.1931.01160100162006
1547,10.1001/archderm.1931.01450010553002
1548,10.1001/archderm.1931.01450010590006
1549,10.1001/archotol.1931.03580020469001
1550,10.1001/jama.1931.02730140027007
1551,10.1001/jama.1931.02730160041018
1552,10.1001/jama.1931.02730170050024
1553,10.1001/jama.1931.02730170062048
1554,10.1001/jama.1931.02730180040013
1555,10.1001/jama.1931.02730180051021
1556,10.1001/archsurg.1931.01160110096004
1557,10.1001/archderm.1931.01450010798007
1558,10.1001/archderm.1931.01450010901017
1559,10.1001/jama.1931.02730190065037
1560,10.1001/jama.1931.02730200051018
1561,10.1001/jama.1931.02730220038009
1562,10.1001/archderm.1931.01450011009003
1563,10.1001/jama.1931.02730230026006
1564,10.1001/jama.1931.02730240074036
1565,10.1001/jama.1931.02730250039013
1566,10.1001/jama.1931.02730250060026
1567,10.1001/archsurg.1932.01160130148010
1568,10.1001/archderm.1932.01450020019003
1569,10.1001/archderm.1932.01450020130013
1570,10.1001/jama.1932.02730270036008
1571,10.1001/jama.1932.02730270064022
1572,10.1001/jama.1932.02730270066024
1573,10.1001/jama.1932.02730280070030
1574,10.1001/jama.1932.02730290070033
1575,10.1001/jama.1932.02730300020005
1576,10.1001/jama.1932.02730310063034
1577,10.1001/archderm.1932.01450020257004
1578,10.1001/archderm.1932.01450020356012
1579,10.1001/archderm.1932.01450020365014
1580,10.1001/jama.1932.02730320054022
1581,10.1001/jama.1932.02730320042013
1582,10.1001/jama.1932.02730330046019
1583,10.1001/jama.1932.02730340073035
1584,10.1001/archderm.1932.01450020460003
1585,10.1001/archderm.1932.01450020510008
1586,10.1001/archderm.1932.01450020538010
1587,10. doi: 10.1001/archsurg.1932.01160150002001
1588,10.1001/archopht.1932.00820100072009
1589,10.1001/jama.1932.02730360008002
1590,10.1001/jama.1932.02730370043024
1591,10.1001/jama.1932.02730370053032
1592,10.1001/jama.1932.02730380045012
1593,10.1001/jama.1932.02730380065021
1594,10.1001/archinte.1932.00150110174012
1595,10.1001/archotol.1932.03570030549003
1596,10.1001/archsurg.1932.01160160053005
1597,10.1001/archsurg.1932.01160160074007
1598,10.1001/archderm.1932.01450020799020
1599,10.1001/jama.1932.02730400069018
1600,10.1001/jama.1932.02730400092042
1601,10.1001/jama.1932.02730410091038
1602,10.1001/jama.1932.02730440045014
1603,10.1001/archneurpsyc.1932.02230170288014
1604,10.1001/archderm.1932.01450020873009
1605,10.1001/archderm.1932.01450020902012
1606,10.1001/jama.1932.27320450002011
1607,10.1001/jama.1932.02730450050016
1608,10.1001/jama.1932.02730460060026
1609,10.1001/jama.1932.02730460070043
1610,10.1001/archinte.1932.00150130181014
1611,10.1001/archderm.1932.01450021064006
1612,10.1001/archderm.1932.01450021099011
1613,10.1001/archderm.1932.01450021133014
1614,10.1001/jama.1932.02730490041016
1615,10.1001/jama.1932.02730490047019
1616,10.1001/jama.1932.02730500121026
1617,10.1001/jama.1932.02730510062034
1618,10.1001/jama.1932.02730520001001
1619,10.1001/jama.1932.02730520042018
1620,10. doi: 10.1001/archderm.1932.01450030004001
1621,10.1001/archderm.1932.01450030014002
1622,10.1001/archsurg.1932.01160190125007
1623,10.1001/jama.1932.02740530065038
1624,10.1001/jama.1932.02740530040014
1625,10.1001/jama.1932.02740540055026
1626,10.1001/jama.1932.02740550063042
1627,10.1001/jama.1932.02740560057044
1628,10.1001/jama.1932.27410570001008
1629,10.1001/jama.1932.02740570049024
1630,10.1001/archopht.1932.00820150078008
1631,10.1001/archotol.1932.00630040286011
1632,10.1001/archinte.1932.00150150055005
1633,10.1001/jama.1932.02740580046011
1634,10.1001/jama.1932.02740590067042
1635,10.1001/jama.1932.02740610072019
1636,10.1001/archderm.1932.01450030472013
1637,10.1001/archsurg.1932.01160210027003
1638,10.1001/jama.1932.02740620047017
1639,10.1001/jama.1932.02740620052020
1640,10.1001/jama.1932.02740620064036
1641,10.1001/jama.1932.02740630006002
1642,10.1001/jama.1932.02740630031008
1643,10.1001/jama.1932.02740630048018
1644,10.1001/jama.1932.02740640048022
1645,10.1001/archderm.1932.01450030655006
1646,10.1001/jama.1932.02740660007002
1647,10.1001/jama.1932.02740670077040
1648,10.1001/jama.1932.02740680066027
1649,10.1001/jama.1932.02740690050021
1650,10.1001/jama.1932.02740700075041
1651,10.1001/jama.1932.02740700076047
1652,10.1001/jama.1932.02740700077055
1653,10.1001/jama.1932.02740700001001
1654,10.1001/archderm.1932.01450030883014
1655,10.1001/archotol.1932.00630040689003
1656,10.1001/jama.1932.02740710073043
1657,10.1001/jama.1932.02740710036008
1658,10.1001/jama.1932.02740720024007
1659,10.1001/jama.1932.02740730055023
1660,10.1001/jama.1932.02740740024007
1661,10.1001/jama.1932.02740740048016
1662,10.1001/jama.1932.02740740053021
1663,10.1001/jama.1932.02740740069036
1664,10.1001/archderm.1932.01450031078014
1665,10.1001/archotol.1932.00630040882011
1666,10.1001/jama.1932.02740760056023
1667,10.1001/jama.1932.02740770063029
1668,10.1001/jama.1932.02740770069038
1669,10.1001/jama.1932.02740780041016
1670,10.1001/jama.1932.02740780001001
1671,10.1001/jama.1932.02740780004002
1672,10.1001/jama.1932.02740780009003
1673,10.1001/archneurpsyc.1933.02240070062004
1674,10.1001/archderm.1933.01450040052005
1675,10.1001/archderm.1933.01450040156016
1676,10.1001/jama.1933.27420010001010
1677,10.1001/jama.1933.02740020006002
1678,10.1001/jama.1933.02740030063039
1679,10.1001/jama.1933.02740040004002
1680,10.1001/archderm.1933.01450040282009
1681,10.1001/jama.1933.27420050001010
1682,10.1001/jama.1933.02740060001001
1683,10.1001/jama.1933.02740060063035
1684,10.1001/jama.1933.27420070004012
1685,10.1001/archderm.1933.01450040379001
1686,10.1001/archderm.1933.01450040466011
1687,10.1001/jama.1933.02740090061035
1688,10.1001/jama.1933.02740090063044
1689,10.1001/jama.1933.02740120120023
1690,10.1001/jama.1933.02740120131039
1691,10.1001/jama.1933.02740120132040
1692,10.1001/jama.1933.02740130025008
1693,10.1001/jama.1933.27420130005010
1694,10.1001/archinte.1933.00150230154009
1695,10.1001/archotol.1933.03570050447001
1696,10.1001/archotol.1933.03570050605013
1697,10.1001/jama.1933.02740170061035
1698,10.1001/archsurg.1933.01170050003001
1699,10.1001/jama.1933.02740190086036
1700,10.1001/jama.1933.02740200051020
1701,10.1001/jama.1933.27420210001011
1702,10.1001/jama.1933.02740220059031
1703,10.1001/jama.1933.02740220066037
1704,10.1001/jama.1933.02740220066038
1705,10.1001/jama.1933.02740220068046
1706,10.1001/jama.1933.02740240026009
1707,10.1001/jama.1933.02740240044025
1708,10.1001/jama.1933.02740240056037
1709,10.1001/jama.1933.02740250054022
1710,10.1001/archderm.1933.01460010076014
1711,10.1001/jama.1933.02740260028009
1712,10.1001/archotol.1933.03580060046004
1713,10.1001/jama.1933.02740290009004
1714,10.1001/jama.1933.02740290056042
1715,10.1001/jama.1933.02740300062040
1716,10.1001/archsurg.1933.01170080026002
1717,10.1001/archsurg.1933.01170080082005
1718,10.1001/archsurg.1933.01170080096006
1719,10.1001/archderm.1933.01460020082015
1720,10.1001/jama.1933.02740310041018
1721,10.1001/jama.1933.02740310056037
1722,10.1001/jama.1933.02740310058046
1723,10.1001/jama.1933.02740320001001
1724,10.1001/jama.1933.27430320001007
1725,10.1001/jama.1933.27430320004007
1726,10.1001/jama.1933.02740320036010
1727,10.1001/jama.1933.02740340024006
1728,10.1001/archinte.1933.00160030156016
1729,10.1001/archsurg.1933.01170090002001
1730,10.1001/archderm.1933.01460030091010
1731,10.1001/jama.1933.02740350054028
1732,10.1001/jama.1933.02740350060039
1733,10.1001/jama.1933.02740350061046
1734,10.1001/jama.1933.02740370001001
1735,10.1001/jama.1933.02740370014004
1736,10.1001/jama.1933.02740380001001
1737,10.1001/jama.1933.02740390013004
1738,10.1001/archinte.1933.00160040003001
1739,10.1001/jama.1933.02740400027008
1740,10.1001/jama.1933.02740400052024
1741,10.1001/jama.1933.02740410013004
1742,10.1001/jama.1933.02740410019005
1743,10.1001/jama.1933.02740430064038
1744,10.1001/archinte.1933.00160050180011
1745,10.1001/jama.1933.02740440065033
1746,10.1001/jama.1933.02740460056023
1747,10.1001/jama.1933.02740470065041
1748,10.1001/archsurg.1933.01170120003001
1749,10.1001/jama.1933.02740480039016
1750,10.1001/jama.1933.02740510047018
1751,10.1001/jama.1933.02740520001001
1752,10.1001/jama.1933.02740520032012
1753,10.1001/jama.1933.02740520040018
1754,10.1001/archderm.1934.01460070015002
1755,10.1001/jama.1934.02750030046014
1756,10.1001/archsurg.1934.01170140087005
1757,10.1001/jama.1934.02750080048019
1758,10.1001/archderm.1934.01460090011002
1759,10.1001/archderm.1934.01460090077009
1760,10.1001/jama.1934.02750090064034
1761,10.1001/jama.1934.02750130110017
1762,10.1001/jama.1934.02750160055025
1763,10.1001/jama.1934.02750170075028
1764,10.1001/archsurg.1934.01170170002001
1765,10.1001/archopht.1934.00830130139016
1766,10.1001/archotol.1934.03790060002001
1767,10.1001/archderm.1934.01460120111014
1768,10.1001/jama.1934.02750220016006
1769,10.1001/jama.1934.02750230041017
1770,10.1001/jama.1934.02750240058042
1771,10.1001/jama.1934.02750250065034
1772,10.1001/archotol.1934.03600010068006
1773,10.1001/archsurg.1934.01180010080010
1774,10.1001/jama.1934.02750280033014
1775,10.1001/jama.1934.02750300016006
1776,10.1001/archderm.1934.01460140157024
1777,10.1001/jama.1934.02750310058030
1778,10.1001/jama.1934.02750350070033
1779,10.1001/archinte.1934.00160150169013
1780,10.1001/archopht.1934.00830160070008
1781,10.1001/archderm.1934.01460150091010
1782,10.1001/jama.1934.02750360048027
1783,10.1001/jama.1934.02750370069036
1784,10.1001/jama.1934.02750390001001
1785,10.1001/jama.1934.72750390003008
1786,10.1001/jama.1934.02750390042018
1787,10.1001/jama.1934.02750390062035
1788,10.1001/jama.1934.02750400062036
1789,10.1001/jama.1934.02750400063039
1790,10.1001/jama.1934.02750400063042
1791,10.1001/jama.1934.02750400038015
1792,10. doi: 10.1001/jama.1934.02750420016005
1793,10.1001/jama.1934.02750450005003
1794,10.1001/jama.1934.02750480016004
1795,10.1001/jama.1934.02750500061028
1796,10.1001/jama.1934.02750500062029
1797,10.1001/jama.1934.02750500062031
1798,10.1001/jama.1934.02750510077035
1799,10.1001/archotol.1935.00640020008001
1800,10.1001/archotol.1935.00640020100011
1801,10.1001/jama.1935.02760010054017
1802,10.1001/jama.1935.02760010055019
1803,10.1001/jama.1935.02760010073036
1804,10.1001/jama.1935.02760030077037
1805,10.1001/jama.1935.02760040053016
1806,10.1001/archderm.1935.01460200075013
1807,10.1001/archotol.1935.00640020199009
1808,10.1001/jama.1935.02760050069040
1809,10.1001/jama.1935.02760060001001
1810,10.1001/jama.1935.02760060070026
1811,10.1001/jama.1935.02760060071028
1812,10.1001/jama.1935.02760070071031
1813,10.1001/jama.1935.02760080072028
1814,10.1001/archpedi.1935.01970030275028
1815,10.1001/archderm.1935.01460210076008
1816,10.1001/jama.1935.02760100049018
1817,10.1001/jama.1935.02760100070044
1818,10.1001/jama.1935.02760110073036
1819,10.1001/jama.1935.02760120075040
1820,10.1001/jama.1935.02760120075044
1821,10.1001/archsurg.1935.01180100075007
1822,10.1001/jama.1935.02760140001001
1823,10.1001/jama.1935.92760140003010
1824,10.1001/jama.1935.02760150074033
1825,10.1001/jama.1935.02760170018005
1826,10.1001/archsurg.1935.01180110002001
1827,10.1001/archderm.1935.01460230048006
1828,10.1001/archderm.1935.01460230059007
1829,10.1001/jama.1935.92760180004009
1830,10.1001/jama.1935.92760200002011
1831,10.1001/jama.1935.02760200072033
1832,10.1001/jama.1935.02760200073036
1833,10.1001/archpedi.1935.01970060144012
1834,10.1001/archotol.1935.00640020757015
1835,10.1001/archpedi.1935.01970060144012
1836,10.1001/jama.1935.02760230055019
1837,10.1001/jama.1935.02760260014005
1838,10.1001/archderm.1935.01470010076006
1839,10.1001/jama.1935.02760270073037
1840,10.1001/jama.1935.02760290043019
1841,10.1001/jama.1935.02760300067034
1842,10.1001/jama.1935.02760310011003
1843,10.1001/jama.1935.02760310063035
1844,10.1001/jama.1935.02760320061032
1845,10.1001/jama.1935.02760330064036
1846,10.1001/jama.1935.02760340061027
1847,10.1001/jama.1935.02760340069040
1848,10.1001/archsurg.1935.01180150118009
1849,10.1001/archderm.1935.01470030088009
1850,10.1001/archderm.1935.01470030131020
1851,10.1001/jama.1935.92760360004009
1852,10.1001/jama.1935.02760360050014
1853,10.1001/jama.1935.02760370008003
1854,10.1001/archinte.1935.00170020192009
1855,10.1001/archsurg.1935.01180160038004
1856,10.1001/archderm.1935.01470040030007
1857,10.1001/archderm.1935.01470040079014
1858,10.1001/archotol.1935.00640030456006
1859,10.1001/jama.1935.02760400038012
1860,10.1001/jama.1935.02760400039015
1861,10.1001/jama.1935.02760410040019
1862,10.1001/jama.1935.92760420003009
1863,10.1001/jama.1935.02760440069036
1864,10.1001/jama.1935.02760450048017
1865,10.1001/jama.1935.02760460068032
1866,10.1001/archinte.1935.00170040077006
1867,10.1001/archinte.1935.00170040232014
1868,10.1001/archsurg.1935.01180180003001
1869,10.1001/archpedi.1935.01970120134012
1870,10.1001/jama.1935.02760490001001
1871,10.1001/jama.1935.02760490004002
1872,10.1001/jama.1935.02760490108019
1873,10.1001/jama.1935.02760510070033
1874,10.1001/archsurg.1936.01180190166009
1875,10.1001/archderm.1936.01470070177018
1876,10.1001/archderm.1936.01470070191019
1877,10.1001/jama.1936.02770020025007
1878,10.1001/jama.1936.92770050001008
1879,10.1001/jama.1936.02770050048019
1880,10.1001/archotol.1936.00640040272010
1881,10.1001/jama.1936.02770070045023
1882,10.1001/jama.1936.02770090052021
1883,10.1001/jama.1936.02770090070035
1884,10.1001/archotol.1936.00640040303003
1885,10.1001/archderm.1936.01470090047004
1886,10.1001/archderm.1936.01470090161021
1887,10.1001/archderm.1936.01470090184024
1888,10.1001/jama.1936.02770100109020
1889,10.1001/jama.1936.02770100119027
1890,10.1001/jama.1936.02770100124036
1891,10.1001/jama.1936.02770120045020
1892,10.1001/jama.1936.02770120064028
1893,10.1001/jama.1936.02770130043017
1894,10.1001/archderm.1936.01470100168023
1895,10.1001/archotol.1936.00640040516016
1896,10.1001/jama.1936.02770160055022
1897,10.1001/jama.1936.02770160060026
1898,10.1001/archderm.1936.01470110126014
1899,10.1001/archinte.1936.00170090224026
1900,10.1001/archotol.1936.00640040614011
1901,10.1001/jama.1936.02770200065036
1902,10.1001/jama.1936.92770210003009
1903,10.1001/jama.1936.02770220036013
1904,10.1001/jama.1936.02770220038015
1905,10.1001/archderm.1936.01470120093012
1906,10.1001/archinte.1936.00170100090008
1907,10.1001/jama.1936.02770230053019
1908,10.1001/jama.1936.02770230071036
1909,10.1001/jama.1936.02770230072040
1910,10.1001/jama.1936.02770240060032
1911,10.1001/jama.1936.02770260028009
1912,10.1001/archderm.1936.01470130093007
1913,10.1001/archopht.1936.00840190015002
1914,10.1001/archotol.1936.00640050008001
1915,10.1001/archopht.1936.00840190015002
1916,10.1001/jama.1936.02770280001001
1917,10.1001/jama.1936.02770280065027
1918,10.1001/jama.1936.02770280067036
1919,10.1001/archderm.1936.01470140080015
1920,10.1001/archderm.1936.01470140116019
1921,10.1001/jama.1936.02770330058035
1922,10.1001/jama.1936.02770350024009
1923,10.1001/jama.1936.02770350091020
1924,10.1001/jama.1936.02770350108035
1925,10.1001/archsurg.1936.01190030168009
1926,10.1001/archderm.1936.01470150003001
1927,10.1001/archderm.1936.01470150189019
1928,10.1001/archotol.1936.00640050348008
1929,10.1001/jama.1936.92770360010009
1930,10.1001/jama.1936.02770360062034
1931,10.1001/jama.1936.02770370008002
1932,10.1001/jama.1936.92770380001011
1933,10.1001/archsurg.1936.01190040012002
1934,10.1001/archotol.1936.00640050487005
1935,10.1001/jama.1936.02770420068036
1936,10.1001/jama.1936.02770430047020
1937,10.1001/archderm.1936.01470170110009
1938,10.1001/archderm.1936.01470170170023
1939,10.1001/jama.1936.92770450003011
1940,10.1001/jama.1936.02770470066034
1941,10.1001/archsurg.1936.01190060030003
1942,10.1001/archderm.1936.01470180040004
1943,10.1001/archderm.1936.01470180091009
1944,10.1001/jama.1936.02770490071040
1945,10.1001/jama.1936.02770510001001
1946,10.1001/jama.1936.02770520059038
1947,10.1001/archinte.1937.00170170047003
1948,10.1001/jama.1937.02780010039009
1949,10.1001/jama.1937.02780010066020
1950,10.1001/jama.1937.02780020061032
1951,10.1001/jama.1937.92780030001008
1952,10.1001/jama.1937.02780040077035
1953,10.1001/jama.1937.02780050030010
